Game_id,Date,HomeTeam,HomeRank,HomeRecord,AwayTeam,AwayRank,AwayRecord
400587747,2014-11-14,Duke,(4),"(1-0, 1-0 home)",Presbyterian,,"(0-1, 0-1 away)"
400587753,2014-11-14,JMU,,"(0-1, 0-1 home)",UVA,(9),"(1-0, 1-0 away)"
400588634,2014-11-14,Syracuse,(23),"(1-0, 1-0 home)",Kennesaw St,,"(0-1, 0-1 away)"
400586109,2014-11-14,Pitt,,"(1-0, 1-0 home)",Niagara,,"(0-1, 0-1 away)"
400587749,2014-11-14,VT,,"(1-0, 1-0 home)",MD-E Shore,,"(0-1, 0-1 away)"
400587751,2014-11-14,Clemson,,"(1-0, 1-0 home)",Florida A&M;,,"(0-1, 0-1 away)"
400587752,2014-11-14,Georgia Tech,,"(1-0, 1-0 home)",Georgia,,"(0-1, 0-1 away)"
400587754,2014-11-14,Wake Forest,,"(1-0, 1-0 home)",UNC Asheville,,"(0-1, 0-1 away)"
400587756,2014-11-14,Miami (FL),,"(1-0, 1-0 home)",Howard,,"(0-1, 0-1 away)"
400587757,2014-11-14,NC State,,"(1-0, 1-0 home)",Jackson State,,"(0-1, 0-1 away)"
400587748,2014-11-14,Louisville,(8),"(1-0, 0-0 home)",Minnesota,,"(0-1, 0-0 away)"
400587755,2014-11-14,UNC,(6),"(1-0, 1-0 home)",NC Central,,"(0-1, 0-1 away)"
400587758,2014-11-14,Notre Dame,,"(1-0, 1-0 home)",Binghamton,,"(0-1, 0-1 away)"
400586115,2014-11-15,FSU,,"(1-0, 1-0 home)",Manhattan,,"(0-1, 0-1 away)"
400586117,2014-11-15,Duke,(4),"(2-0, 2-0 home)",Fairfield,,"(1-1, 0-1 away)"
400587762,2014-11-16,Pitt,,"(2-0, 2-0 home)",Samford,,"(0-2, 0-2 away)"
400587030,2014-11-16,Notre Dame,,"(2-0, 2-0 home)",Navy,,"(0-2, 0-1 away)"
400587759,2014-11-16,Boston College,,"(13-19, 4-14 ACC)",UMass,,"(17-15, 10-8 A 10)"
400598551,2014-11-16,Syracuse,(23),"(2-0, 2-0 home)",Hampton,,"(0-2, 0-2 away)"
400587760,2014-11-16,UNC,(6),"(2-0, 2-0 home)",Robert Morris,,"(0-2, 0-1 away)"
400587761,2014-11-16,UVA,(9),"(2-0, 1-0 home)",Norfolk State,,"(1-1, 0-1 away)"
400587765,2014-11-17,Louisville,(7),"(2-0, 1-0 home)",Jacksonville St,,"(0-2, 0-2 away)"
400587764,2014-11-17,Florida,(8),"(1-1, 1-1 home)",Miami (FL),,"(2-0, 1-0 away)"
400587763,2014-11-17,Clemson,,"(1-1, 1-1 home)",Winthrop,,"(2-0, 1-0 away)"
400587766,2014-11-17,NC State,,"(2-0, 2-0 home)",Hofstra,,"(1-1, 0-1 away)"
400587767,2014-11-17,Tulane,,"(0-1, 0-1 home)",Wake Forest,,"(2-0, 1-0 away)"
400587768,2014-11-18,Duke,(4),"(3-0, 2-0 home)",Michigan State,(19),"(1-1, 1-0 away)"
400587771,2014-11-18,UVA,(9),"(3-0, 2-0 home)",S Carolina St,,"(0-3, 0-3 away)"
400587769,2014-11-18,Georgia Tech,,"(2-0, 2-0 home)",Alabama A&M;,,"(0-2, 0-2 away)"
400587770,2014-11-18,FSU,,"(1-1, 1-1 home)",Northeastern,,"(2-0, 1-0 away)"
400587772,2014-11-19,Notre Dame,,"(3-0, 3-0 home)",Coppin State,,"(0-3, 0-3 away)"
400587773,2014-11-19,VT,,"(2-0, 2-0 home)",Liberty,,"(2-1, 0-1 away)"
400587774,2014-11-19,Arkansas,,"(2-0, 2-0 home)",Wake Forest,,"(2-1, 1-1 away)"
400587775,2014-11-20,Miami (FL),,"(3-0, 1-0 home)",Drexel,,"(0-3, 0-1 away)"
400587776,2014-11-20,Boston College,,"(2-1, 1-0 home)",New Mexico,,"(2-1, 0-0 away)"
400587778,2014-11-20,NC State,,"(3-0, 3-0 home)",Jacksonville,,"(1-3, 0-2 away)"
400587777,2014-11-20,Cal,,"(3-0, 2-0 home)",Syracuse,(23),"(2-1, 0-0 away)"
400589263,2014-11-21,Gardner-Webb,,"(2-1, 0-0 home)",Clemson,,"(1-2, 0-0 away)"
400607989,2014-11-21,Miami (FL),,"(4-0, 1-0 home)",Akron,,"(2-1, 0-0 away)"
400607994,2014-11-21,Iowa,,"(2-2, 2-0 home)",Syracuse,(23),"(3-1, 0-0 away)"
400607992,2014-11-21,West Virginia,,"(4-0, 2-0 home)",Boston College,,"(2-2, 0-0 away)"
400587781,2014-11-21,UVA,(9),"(4-0, 3-0 home)",G Washington,,"(2-1, 1-1 away)"
400586877,2014-11-21,Georgia Tech,,"(3-0, 3-0 home)",IPFW,,"(2-1, 1-1 away)"
400586130,2014-11-21,Wake Forest,,"(2-2, 1-1 home)",Iona,,"(2-1, 1-1 away)"
400587779,2014-11-21,Louisville,(7),"(3-0, 2-0 home)",Marshall,,"(3-1, 0-1 away)"
400586682,2014-11-21,Duke,(4),"(4-0, 2-0 home)",Temple,,"(2-1, 0-0 away)"
400587780,2014-11-21,Hawaii,,"(4-1, 4-1 home)",Pitt,,"(2-1, 0-1 away)"
400587782,2014-11-22,UMass,,"(3-1, 2-0 home)",Notre Dame,,"(4-0, 0-0 away)"
400587785,2014-11-22,VT,,"(2-1, 2-1 home)",Appalachian St,,"(1-2, 1-2 away)"
400587784,2014-11-22,Davidson,,"(2-1, 2-0 home)",UNC,(6),"(3-0, 0-0 away)"
400587783,2014-11-22,Providence,,"(4-0, 3-0 home)",FSU,,"(1-2, 0-0 away)"
400608204,2014-11-22,Nevada,,"(2-2, 2-0 home)",Clemson,,"(2-2, 0-0 away)"
400587786,2014-11-23,FSU,,"(1-3, 1-1 home)",UMass,,"(4-1, 0-0 away)"
400587787,2014-11-23,Notre Dame,,"(4-1, 3-0 home)",Providence,,"(5-0, 0-0 away)"
400586685,2014-11-23,NC State,,"(4-0, 4-0 home)",USF,,"(3-1, 1-1 away)"
400608188,2014-11-23,Boston College,,"(2-3, 1-0 home)",Dayton,,"(3-1, 0-0 away)"
400608191,2014-11-23,Charlotte,,"(3-1, 0-0 home)",Miami (FL),,"(5-0, 1-0 away)"
400608309,2014-11-24,LSU,,"(3-2, 2-0 home)",Clemson,,"(3-2, 0-0 away)"
400587790,2014-11-24,Louisville,(6),"(4-0, 3-0 home)",Savannah State,,"(2-3, 0-3 away)"
400587788,2014-11-24,Wake Forest,,"(3-2, 2-1 home)",Nicholls State,,"(0-3, 0-3 away)"
400587789,2014-11-24,Chaminade,, ,Pitt,,"(3-1, 1-1 away)"
400587793,2014-11-25,UVA,(8),"(5-0, 4-0 home)",Tennessee St,,"(2-3, 0-2 away)"
400587059,2014-11-25,Syracuse,,"(4-1, 3-0 home)",Loyola (MD),,"(2-3, 0-3 away)"
400587791,2014-11-25,FSU,,"(2-3, 2-1 home)",The Citadel,,"(2-3, 0-1 away)"
400587792,2014-11-25,Charlotte,,"(3-2, 0-1 home)",Miami (FL),(17),"(6-0, 2-0 away)"
400608515,2014-11-25,San Diego State,(15),"(5-0, 3-0 home)",Pitt,,"(3-2, 1-1 away)"
400587794,2014-11-26,Butler,,"(4-0, 3-0 home)",UNC,(5),"(3-1, 0-0 away)"
400587795,2014-11-26,Duke,(4),"(6-0, 3-0 home)",Furman,,"(1-3, 0-1 away)"
400587798,2014-11-26,Louisville,(6),"(5-0, 4-0 home)",Cleveland State,,"(2-3, 0-3 away)"
400587796,2014-11-26,Notre Dame,,"(5-1, 4-0 home)",Grambling St,,"(1-4, 0-4 away)"
400587797,2014-11-26,Wake Forest,,"(4-2, 3-1 home)",Mt St Mary's,,"(1-3, 1-2 away)"
400587799,2014-11-26,NC State,,"(5-0, 5-0 home)",Richmond,,"(2-2, 0-2 away)"
400608747,2014-11-26,Pitt,,"(4-2, 2-0 home)",Kansas State,,"(3-3, 0-1 away)"
400608758,2014-11-27,UCLA,(22),"(4-2, 4-0 home)",UNC,(5),"(4-1, 0-0 away)"
400587800,2014-11-27,Georgia Tech,,"(3-1, 3-0 home)",Marquette,,"(3-2, 0-1 away)"
400587803,2014-11-28,FSU,,"(3-3, 3-1 home)",Charleston So,,"(3-2, 1-1 away)"
400608905,2014-11-28,Georgia Tech,,"(4-1, 3-0 home)",Rider,,"(2-4, 1-2 away)"
400587804,2014-11-28,Miami (FL),(17),"(7-0, 2-0 home)",South Alabama,,"(1-3, 0-3 away)"
400587065,2014-11-28,Syracuse,,"(5-1, 4-0 home)",Holy Cross,,"(3-1, 0-1 away)"
400587801,2014-11-28,Clemson,,"(4-2, 2-1 home)",High Point,,"(4-2, 1-2 away)"
400587805,2014-11-28,NC State,,"(6-0, 6-0 home)",Boise State,,"(4-2, 1-2 away)"
400587806,2014-11-28,Wake Forest,,"(4-3, 3-2 home)",Delaware State,,"(3-3, 2-3 away)"
400608907,2014-11-28,Florida,(18),"(3-3, 2-1 home)",UNC,(5),"(5-1, 0-0 away)"
400587807,2014-11-29,Notre Dame,,"(6-1, 5-0 home)",Chicago State,,"(2-6, 0-4 away)"
400609058,2014-11-29,Rutgers,,"(3-3, 2-2 home)",UVA,(8),"(7-0, 1-0 away)"
400587070,2014-11-30,Duke,(4),"(7-0, 4-0 home)",Army,,"(5-1, 2-1 away)"
400587808,2014-11-30,VT,,"(4-2, 3-1 home)",Morgan State,,"(1-6, 0-4 away)"
400609015,2014-11-30,Georgia Tech,,"(5-1, 3-0 home)",URI,,"(4-2, 0-0 away)"
400586157,2014-12-01,Boston College,,"(3-3, 2-0 home)",Marist,,"(1-5, 0-2 away)"
400587809,2014-12-01,Clemson,,"(4-3, 2-2 home)",Rutgers,,"(4-3, 1-0 away)"
400587810,2014-12-01,FSU,,"(3-4, 3-2 home)",Nebraska,,"(5-1, 1-1 away)"
400587811,2014-12-02,Indiana,,"(6-1, 6-1 home)",Pitt,,"(4-3, 1-2 away)"
400587812,2014-12-02,Wake Forest,,"(4-4, 3-3 home)",Minnesota,,"(5-2, 1-0 away)"
400587813,2014-12-02,Michigan,(17),"(6-1, 5-0 home)",Syracuse,,"(5-2, 0-1 away)"
400587814,2014-12-02,Miami (FL),(15),"(8-0, 3-0 home)",Illinois,(24),"(6-1, 0-1 away)"
400587815,2014-12-02,Purdue,,"(6-1, 4-0 home)",NC State,,"(6-1, 0-1 away)"
400587816,2014-12-02,Louisville,(5),"(6-0, 5-0 home)",OSU,(14),"(5-1, 0-1 away)"
400587817,2014-12-03,Notre Dame,,"(7-1, 6-0 home)",Michigan State,(19),"(5-3, 1-1 away)"
400587818,2014-12-03,Penn State,,"(7-1, 4-0 home)",VT,,"(4-3, 0-1 away)"
400587819,2014-12-03,UNC,(12),"(5-2, 2-1 home)",Iowa,,"(6-2, 1-0 away)"
400587821,2014-12-03,Maryland,(21),"(7-1, 5-1 home)",UVA,(7),"(8-0, 2-0 away)"
400587820,2014-12-03,Northwestern,,"(5-2, 3-1 home)",Georgia Tech,,"(6-1, 1-0 away)"
400587822,2014-12-03,Wisconsin,(2),"(7-1, 4-1 home)",Duke,(4),"(8-0, 1-0 away)"
400587824,2014-12-05,Louisville,(5),"(7-0, 6-0 home)",FIU,,"(5-4, 1-3 away)"
400587823,2014-12-05,Boston College,,"(4-3, 3-0 home)",Providence,,"(6-2, 0-2 away)"
400587825,2014-12-05,Pitt,,"(5-3, 2-0 home)",Duquesne,,"(3-2, 1-0 away)"
400587827,2014-12-06,Georgia Tech,,"(6-2, 3-1 home)",USC Upstate,,"(8-2, 2-1 away)"
400587826,2014-12-06,VCU,,"(5-3, 2-1 home)",UVA,(7),"(9-0, 3-0 away)"
400587831,2014-12-06,Miami (FL),(15),"(8-1, 3-1 home)",Green Bay,,"(6-2, 1-2 away)"
400586715,2014-12-06,FSU,,"(4-4, 4-2 home)",UCF,,"(5-2, 0-1 away)"
400587828,2014-12-06,Syracuse,,"(5-3, 4-1 home)",St John's,,"(6-1, 1-0 away)"
400587830,2014-12-06,NC State,,"(7-1, 1-0 ACC)",Wake Forest,,"(4-5, 0-1 ACC)"
400587829,2014-12-06,Notre Dame,,"(8-1, 7-0 home)",Fair Dickinson,,"(3-4, 1-3 away)"
400586717,2014-12-07,UNC,(12),"(6-2, 3-1 home)",ECU,,"(4-5, 0-2 away)"
400587833,2014-12-07,VT,,"(4-4, 3-2 home)",Radford,,"(5-3, 1-3 away)"
400587832,2014-12-07,Clemson,,"(5-3, 3-2 home)",Arkansas,(18),"(6-2, 1-2 away)"
400587834,2014-12-08,Miami (FL),(20),"(9-1, 4-1 home)",Savannah State,,"(3-7, 0-7 away)"
400587835,2014-12-09,Notre Dame,(25),"(9-1, 8-0 home)",Mt St Mary's,,"(2-5, 2-4 away)"
400587836,2014-12-09,Louisville,(4),"(8-0, 6-0 home)",Indiana,,"(7-2, 0-0 away)"
400587837,2014-12-11,Boston College,,"(5-3, 4-0 home)",Maine,,"(1-8, 0-6 away)"
400587838,2014-12-12,NC State,,"(8-1, 1-0 ACC)",Charleston So,,"(5-3, 1-2 away)"
400587839,2014-12-13,Kentucky,(1),"(11-0, 10-0 home)",UNC,(21),"(6-3, 0-1 away)"
400587840,2014-12-13,Pitt,,"(6-3, 3-0 home)",St Bonaventure,,"(6-2, 1-1 away)"
400587841,2014-12-13,Notre Dame,(25),"(10-1, 1-0 ACC)",FSU,,"(4-5, 0-1 ACC)"
400587845,2014-12-14,Boston College,,"(6-3, 5-0 home)",Binghamton,,"(1-11, 0-6 away)"
400587848,2014-12-14,VT,,"(5-4, 4-2 home)",Alabama A&M;,,"(1-6, 0-5 away)"
400587842,2014-12-14,Syracuse,,"(6-3, 5-1 home)",LA Tech,,"(7-3, 2-3 away)"
400587846,2014-12-14,Clemson,,"(6-3, 4-2 home)",Auburn,,"(3-5, 0-3 away)"
400587847,2014-12-14,NC State,,"(8-2, 1-0 ACC)",Wofford,,"(8-2, 2-2 away)"
400587843,2014-12-14,Louisville,(4),"(9-0, 7-0 home)",UNC-Wilmington,,"(3-3, 2-3 away)"
400587844,2014-12-14,Wake Forest,,"(5-5, 0-1 ACC)",Samford,,"(3-8, 0-2 Southern)"
400587849,2014-12-15,Duke,(2),"(9-0, 5-0 home)",Elon,,"(5-5, 1-3 away)"
400587850,2014-12-15,Georgia Tech,,"(7-2, 4-1 home)",Appalachian St,,"(3-4, 2-3 away)"
400587851,2014-12-16,UNC Greensboro,,"(4-7, 1-0 Southern)",UNC,(24),"(7-3, 1-1 away)"
400586186,2014-12-17,Pitt,,"(7-3, 4-0 home)",Manhattan,,"(2-7, 1-1 MAAC)"
400587852,2014-12-17,NC State,,"(9-2, 1-0 ACC)",Tennessee,,"(4-4, 0-1 away)"
400587853,2014-12-17,FSU,,"(5-5, 0-1 ACC)",North Florida,,"(6-5, 2-4 away)"
400587854,2014-12-18,UVA,(6),"(10-0, 5-0 home)",Cleveland State,,"(5-6, 1-5 away)"
400586736,2014-12-18,Duke,(2),"(10-0, 5-0 home)",UConn,,"(4-4, 0-0 away)"
400587856,2014-12-19,Miami (FL),(18),"(9-2, 4-2 home)",E Kentucky,,"(6-4, 3-2 away)"
400587855,2014-12-19,South Carolina,,"(6-3, 4-1 home)",Clemson,,"(6-4, 0-1 away)"
400587861,2014-12-20,W Kentucky,,"(5-5, 3-2 home)",Louisville,(4),"(10-0, 1-0 away)"
400587863,2014-12-20,Villanova,(7),"(11-0, 6-0 home)",Syracuse,,"(6-4, 0-2 away)"
400587857,2014-12-20,UNC,(24),"(8-3, 3-1 home)",OSU,(12),"(9-2, 0-1 away)"
400587864,2014-12-20,VT,,"(6-4, 5-2 home)",The Citadel,,"(4-6, 0-1 Southern)"
400586742,2014-12-20,FSU,,"(6-5, 0-1 ACC)",USF,,"(5-6, 1-3 away)"
400587860,2014-12-20,Georgia Tech,,"(8-2, 5-1 home)",Vanderbilt,,"(7-3, 0-1 away)"
400587862,2014-12-20,Pitt,,"(8-3, 5-0 home)",Oakland,,"(4-8, 1-5 away)"
400587858,2014-12-20,Florida,,"(7-4, 5-1 home)",Wake Forest,,"(5-6, 0-1 ACC)"
400587859,2014-12-20,Notre Dame,(21),"(11-1, 1-0 ACC)",Purdue,,"(8-4, 0-1 away)"
400585755,2014-12-20,West Virginia,(22),"(10-1, 3-1 home)",NC State,,"(9-3, 1-0 ACC)"
400587865,2014-12-21,UVA,(6),"(11-0, 6-0 home)",Harvard,,"(7-2, 1-1 away)"
400587866,2014-12-21,Boston College,,"(6-4, 5-1 home)",USC,,"(7-4, 2-0 away)"
400587868,2014-12-22,FSU,,"(7-5, 0-1 ACC)",Stetson,,"(3-10, 0-7 away)"
400587467,2014-12-22,Notre Dame,(16),"(12-1, 1-0 ACC)",N Illinois,,"(4-5, 0-5 away)"
400587110,2014-12-22,Wake Forest,,"(6-6, 0-1 ACC)",Bucknell,,"(5-7, 1-5 away)"
400587111,2014-12-22,Syracuse,,"(7-4, 6-1 home)",Colgate,,"(3-9, 1-7 away)"
400587867,2014-12-22,Clemson,,"(7-4, 5-2 home)",Oakland,,"(4-9, 1-6 away)"
400587870,2014-12-22,VT,,"(7-4, 6-2 home)",VMI,,"(5-7, 1-1 Southern)"
400587869,2014-12-22,Providence,,"(10-3, 7-1 home)",Miami (FL),,"(9-3, 2-0 away)"
400587872,2014-12-23,Louisville,(4),"(11-0, 8-0 home)",CS Northridge,,"(3-10, 0-7 away)"
400587114,2014-12-23,Pitt,,"(9-3, 6-0 home)",Holy Cross,,"(5-5, 1-4 away)"
400587873,2014-12-23,NC State,,"(10-3, 1-0 ACC)",LA Tech,,"(8-4, 2-4 away)"
400587871,2014-12-23,Dayton,,"(9-2, 6-0 home)",Georgia Tech,,"(8-3, 1-1 away)"
400587874,2014-12-27,Louisville,(4),"(11-1, 8-1 home)",Kentucky,(1),"(13-0, 1-0 away)"
400587875,2014-12-27,UNC,(20),"(9-3, 4-1 home)",UAB,,"(4-9, 0-2 away)"
400587876,2014-12-27,VT,,"(8-4, 7-2 home)",Presbyterian,,"(4-9, 0-5 away)"
400587877,2014-12-28,Syracuse,,"(8-4, 7-1 home)",LBSU,,"(5-9, 0-8 away)"
400587878,2014-12-28,Richmond,,"(7-5, 6-1 home)",Wake Forest,,"(7-6, 0-1 ACC)"
400587879,2014-12-29,Boston College,,"(7-4, 6-1 home)",UMass Lowell,,"(6-6, 4-5 away)"
400587472,2014-12-29,Duke,(2),"(11-0, 6-0 home)",Toledo,,"(7-5, 2-4 away)"
400585770,2014-12-30,West Virginia,(17),"(12-1, 5-1 home)",VT,,"(8-5, 0-2 away)"
400587885,2014-12-30,Louisville,(5),"(12-1, 9-1 home)",LBSU,,"(5-10, 0-9 away)"
400586759,2014-12-30,NC State,,"(10-4, 1-0 ACC)",Cincinnati,,"(9-3, 1-1 away)"
400587880,2014-12-30,UVA,(3),"(12-0, 7-0 home)",Davidson,,"(9-2, 3-1 away)"
400587887,2014-12-30,UNC,(19),"(10-3, 5-1 home)",William & Mary,,"(6-5, 1-5 away)"
400587881,2014-12-30,Clemson,,"(8-4, 6-2 home)",Robert Morris,,"(4-8, 1-5 away)"
400587882,2014-12-30,FSU,,"(8-5, 0-1 ACC)",Florida,,"(7-5, 0-2 away)"
400587883,2014-12-30,Georgia Tech,,"(9-3, 6-1 home)",Charlotte,,"(6-6, 2-3 away)"
400587886,2014-12-30,Miami (FL),,"(10-3, 5-2 home)",Charleston,,"(5-8, 1-4 away)"
400587884,2014-12-30,Notre Dame,(14),"(13-1, 1-0 ACC)",Hartford,,"(7-6, 0-1 Am. East)"
400587888,2014-12-30,Pitt,,"(10-3, 7-0 home)",FGCU,,"(9-5, 0-3 away)"
400587890,2014-12-31,Wake Forest,,"(8-6, 0-1 ACC)",Princeton,,"(5-9, 0-6 away)"
400587889,2014-12-31,Duke,(2),"(12-0, 7-0 home)",Wofford,,"(9-4, 2-4 away)"
400587891,2014-12-31,Syracuse,,"(9-4, 8-1 home)",Cornell,,"(6-7, 3-3 away)"
400587892,2015-01-02,Miss St,,"(7-6, 6-2 home)",FSU,,"(8-6, 0-1 ACC)"
400587893,2015-01-03,NC State,,"(11-4, 2-0 ACC)",Pitt,,"(10-4, 0-1 ACC)"
400587898,2015-01-03,VT,,"(8-6, 0-1 ACC)",Syracuse,,"(10-4, 1-0 ACC)"
400587894,2015-01-03,Notre Dame,(14),"(14-1, 2-0 ACC)",Georgia Tech,,"(9-4, 0-1 ACC)"
400587897,2015-01-03,Duke,(2),"(13-0, 1-0 ACC)",Boston College,,"(7-5, 0-1 ACC)"
400587895,2015-01-03,Miami (FL),,"(10-4, 0-1 ACC)",UVA,(3),"(13-0, 1-0 ACC)"
400587896,2015-01-03,Clemson,,"(8-5, 0-1 ACC)",UNC,(19),"(11-3, 1-0 ACC)"
400587899,2015-01-04,Wake Forest,,"(8-7, 0-2 ACC)",Louisville,(5),"(13-1, 1-0 ACC)"
400587900,2015-01-05,UNC,(18),"(11-4, 1-1 ACC)",Notre Dame,(13),"(15-1, 3-0 ACC)"
400587901,2015-01-06,FSU,,"(9-6, 1-1 ACC)",VT,,"(8-7, 0-2 ACC)"
400587902,2015-01-06,Boston College,,"(7-6, 0-2 ACC)",Pitt,,"(11-4, 1-1 ACC)"
400587904,2015-01-07,UVA,(3),"(14-0, 2-0 ACC)",NC State,,"(11-5, 2-1 ACC)"
400587903,2015-01-07,Georgia Tech,,"(9-5, 0-2 ACC)",Syracuse,,"(11-4, 2-0 ACC)"
400587906,2015-01-07,Wake Forest,,"(8-8, 0-3 ACC)",Duke,(2),"(14-0, 2-0 ACC)"
400587905,2015-01-07,Louisville,(5),"(14-1, 2-0 ACC)",Clemson,,"(8-6, 0-2 ACC)"
400587910,2015-01-10,Wake Forest,,"(9-8, 1-3 ACC)",Georgia Tech,,"(9-6, 0-3 ACC)"
400587911,2015-01-10,Pitt,,"(11-5, 1-2 ACC)",Clemson,,"(9-6, 1-2 ACC)"
400587907,2015-01-10,UNC,(18),"(12-4, 2-1 ACC)",Louisville,(5),"(14-2, 2-1 ACC)"
400587909,2015-01-10,Miami (FL),,"(11-4, 1-1 ACC)",Boston College,,"(7-7, 0-3 ACC)"
400587908,2015-01-10,Notre Dame,(13),"(15-2, 3-1 ACC)",UVA,(3),"(15-0, 3-0 ACC)"
400587912,2015-01-11,NC State,,"(12-5, 3-1 ACC)",Duke,(2),"(14-1, 2-1 ACC)"
400587913,2015-01-11,Syracuse,,"(12-4, 3-0 ACC)",FSU,,"(9-7, 1-2 ACC)"
400587914,2015-01-13,Louisville,(6),"(15-2, 3-1 ACC)",VT,,"(8-8, 0-3 ACC)"
400587915,2015-01-13,UVA,(2),"(16-0, 4-0 ACC)",Clemson,,"(9-7, 1-3 ACC)"
400587916,2015-01-13,Syracuse,,"(13-4, 4-0 ACC)",Wake Forest,,"(9-9, 1-4 ACC)"
400587917,2015-01-13,Duke,(4),"(14-2, 2-2 ACC)",Miami (FL),,"(12-4, 2-1 ACC)"
400587918,2015-01-14,Georgia Tech,,"(9-7, 0-4 ACC)",Notre Dame,(12),"(16-2, 4-1 ACC)"
400587919,2015-01-14,NC State,,"(12-6, 3-2 ACC)",UNC,(15),"(13-4, 3-1 ACC)"
400587921,2015-01-14,Pitt,,"(12-5, 2-2 ACC)",FSU,,"(9-8, 1-3 ACC)"
400587922,2015-01-17,Louisville,(6),"(15-3, 3-2 ACC)",Duke,(4),"(15-2, 3-2 ACC)"
400587923,2015-01-17,FSU,,"(9-9, 1-4 ACC)",NC State,,"(13-6, 4-2 ACC)"
400587925,2015-01-17,Boston College,,"(8-8, 0-4 ACC)",UVA,(2),"(17-0, 5-0 ACC)"
400587924,2015-01-17,Notre Dame,(12),"(17-2, 5-1 ACC)",Miami (FL),,"(12-5, 2-2 ACC)"
400587926,2015-01-17,Pitt,,"(13-5, 3-2 ACC)",Georgia Tech,,"(9-8, 0-5 ACC)"
400587927,2015-01-17,Clemson,,"(10-7, 2-3 ACC)",Syracuse,,"(13-5, 4-1 ACC)"
400587928,2015-01-18,UNC,(15),"(14-4, 4-1 ACC)",VT,,"(8-9, 0-4 ACC)"
400587929,2015-01-19,Duke,(5),"(16-2, 4-2 ACC)",Pitt,,"(13-6, 3-3 ACC)"
400587930,2015-01-19,Clemson,,"(10-8, 2-4 ACC)",FSU,,"(10-9, 2-4 ACC)"
400587931,2015-01-20,Syracuse,,"(14-5, 5-1 ACC)",Boston College,,"(8-9, 0-5 ACC)"
400587932,2015-01-21,Wake Forest,,"(9-10, 1-5 ACC)",UNC,(15),"(15-4, 5-1 ACC)"
400587933,2015-01-22,VT,,"(8-10, 0-5 ACC)",Notre Dame,(8),"(18-2, 6-1 ACC)"
400587934,2015-01-22,UVA,(2),"(18-0, 6-0 ACC)",Georgia Tech,,"(9-9, 0-6 ACC)"
400587935,2015-01-22,Miami (FL),,"(13-5, 3-2 ACC)",NC State,,"(13-7, 4-3 ACC)"
400587937,2015-01-24,UNC,(15),"(16-4, 6-1 ACC)",FSU,,"(10-10, 2-5 ACC)"
400587938,2015-01-24,Syracuse,,"(14-6, 5-2 ACC)",Miami (FL),,"(14-5, 4-2 ACC)"
400587941,2015-01-25,VT,,"(8-11, 0-6 ACC)",UVA,(2),"(19-0, 7-0 ACC)"
400587939,2015-01-25,Georgia Tech,,"(9-10, 0-7 ACC)",Boston College,,"(9-9, 1-5 ACC)"
400587943,2015-01-25,St John's,,"(13-6, 2-4 Big East)",Duke,(5),"(17-2, 4-2 ACC)"
400587940,2015-01-25,Pitt,,"(13-7, 3-4 ACC)",Louisville,(10),"(16-3, 4-2 ACC)"
400587942,2015-01-25,NC State,,"(13-8, 4-4 ACC)",Notre Dame,(8),"(19-2, 7-1 ACC)"
400587944,2015-01-26,UNC,(13),"(17-4, 7-1 ACC)",Syracuse,,"(14-7, 5-3 ACC)"
400587945,2015-01-27,VT,,"(9-11, 1-6 ACC)",Pitt,,"(13-8, 3-5 ACC)"
400587946,2015-01-28,FSU,,"(11-10, 3-5 ACC)",Wake Forest,,"(9-12, 1-7 ACC)"
400587947,2015-01-28,Notre Dame,(8),"(20-2, 8-1 ACC)",Duke,(4),"(17-3, 4-3 ACC)"
400587949,2015-01-28,Boston College,,"(9-10, 1-6 ACC)",Louisville,(10),"(17-3, 5-2 ACC)"
400587950,2015-01-28,Miami (FL),(23),"(14-6, 4-3 ACC)",Georgia Tech,,"(10-10, 1-7 ACC)"
400587948,2015-01-28,NC State,,"(13-9, 4-5 ACC)",Clemson,,"(12-8, 4-4 ACC)"
400587952,2015-01-31,Pitt,,"(14-8, 4-5 ACC)",Notre Dame,(8),"(20-3, 8-2 ACC)"
400587953,2015-01-31,Clemson,,"(13-8, 5-4 ACC)",Boston College,,"(9-11, 1-7 ACC)"
400587954,2015-01-31,Wake Forest,,"(10-12, 2-7 ACC)",VT,,"(9-12, 1-7 ACC)"
400587956,2015-01-31,Louisville,(10),"(18-3, 6-2 ACC)",UNC,(13),"(17-5, 7-2 ACC)"
400587955,2015-01-31,UVA,(2),"(19-1, 7-1 ACC)",Duke,(4),"(18-3, 5-3 ACC)"
400587957,2015-02-01,FSU,,"(12-10, 4-5 ACC)",Miami (FL),(23),"(14-7, 4-4 ACC)"
400587959,2015-02-02,UNC,(12),"(17-6, 7-3 ACC)",UVA,(3),"(20-1, 8-1 ACC)"
400587958,2015-02-02,Pitt,,"(15-8, 4-5 ACC)",Bryant,,"(10-11, 7-3 NEC)"
400587960,2015-02-03,Miami (FL),,"(14-8, 4-5 ACC)",Louisville,(9),"(19-3, 7-2 ACC)"
400587961,2015-02-03,Wake Forest,,"(11-12, 3-7 ACC)",NC State,,"(14-10, 5-6 ACC)"
400587962,2015-02-03,Syracuse,,"(15-7, 6-3 ACC)",VT,,"(9-13, 1-8 ACC)"
400587963,2015-02-04,Duke,(4),"(19-3, 6-3 ACC)",Georgia Tech,,"(10-12, 1-9 ACC)"
400587964,2015-02-04,Notre Dame,(10),"(21-3, 9-2 ACC)",Boston College,,"(9-12, 1-8 ACC)"
400587965,2015-02-04,FSU,,"(12-11, 4-6 ACC)",Clemson,,"(14-8, 6-4 ACC)"
400587967,2015-02-07,Duke,(4),"(20-3, 7-3 ACC)",Notre Dame,(10),"(21-4, 9-3 ACC)"
400587969,2015-02-07,Boston College,,"(9-13, 1-9 ACC)",UNC,(12),"(18-6, 8-3 ACC)"
400587968,2015-02-07,VT,,"(9-14, 1-9 ACC)",FSU,,"(13-11, 5-6 ACC)"
400587970,2015-02-07,Pitt,,"(16-8, 5-5 ACC)",Syracuse,,"(15-8, 6-4 ACC)"
400587971,2015-02-07,UVA,(3),"(21-1, 9-1 ACC)",Louisville,(9),"(19-4, 7-3 ACC)"
400587972,2015-02-08,Miami (FL),,"(15-8, 5-5 ACC)",Clemson,,"(14-9, 6-5 ACC)"
400587973,2015-02-09,FSU,,"(13-12, 5-7 ACC)",Duke,(4),"(21-3, 8-3 ACC)"
400587974,2015-02-09,VT,,"(10-14, 2-9 ACC)",Georgia Tech,,"(11-13, 2-10 ACC)"
400587975,2015-02-10,Clemson,,"(14-10, 6-6 ACC)",Notre Dame,(10),"(22-4, 10-3 ACC)"
400587976,2015-02-11,Boston College,,"(9-14, 1-10 ACC)",Syracuse,,"(16-8, 7-4 ACC)"
400587979,2015-02-11,NC State,,"(14-11, 5-7 ACC)",UVA,(2),"(22-1, 10-1 ACC)"
400587978,2015-02-11,Louisville,(9),"(20-4, 8-3 ACC)",Pitt,,"(16-9, 5-6 ACC)"
400599489,2015-02-14,Pitt,,"(17-9, 6-6 ACC)",UNC,(12),"(18-7, 8-4 ACC)"
400587980,2015-02-14,Clemson,,"(15-10, 7-6 ACC)",VT,,"(10-15, 2-10 ACC)"
400599490,2015-02-14,UVA,(2),"(23-1, 11-1 ACC)",Wake Forest,,"(12-14, 4-9 ACC)"
400587981,2015-02-14,Georgia Tech,,"(11-14, 2-11 ACC)",FSU,,"(14-12, 6-7 ACC)"
400599488,2015-02-14,Louisville,(9),"(20-5, 8-4 ACC)",NC State,,"(15-11, 6-7 ACC)"
400599487,2015-02-14,Syracuse,,"(16-9, 7-5 ACC)",Duke,(4),"(22-3, 9-3 ACC)"
400762834,2015-02-16,Boston College,,"(9-15, 1-11 ACC)",Miami (FL),,"(16-9, 6-6 ACC)"
400587983,2015-02-16,UVA,(2),"(24-1, 12-1 ACC)",Pitt,,"(17-10, 6-7 ACC)"
400587984,2015-02-16,Georgia Tech,,"(12-14, 3-11 ACC)",Clemson,,"(15-11, 7-7 ACC)"
400587985,2015-02-17,Notre Dame,(10),"(23-4, 11-3 ACC)",Wake Forest,,"(12-15, 4-10 ACC)"
400587986,2015-02-18,Syracuse,,"(17-9, 8-5 ACC)",Louisville,(12),"(20-6, 8-5 ACC)"
400587987,2015-02-18,Miami (FL),,"(17-9, 7-6 ACC)",VT,,"(10-16, 2-11 ACC)"
400587989,2015-02-18,Duke,(4),"(23-3, 10-3 ACC)",UNC,(15),"(18-8, 8-5 ACC)"
400587988,2015-02-18,FSU,,"(15-12, 7-7 ACC)",Boston College,,"(9-16, 1-12 ACC)"
400587991,2015-02-21,UNC,(15),"(19-8, 9-5 ACC)",Georgia Tech,,"(12-15, 3-12 ACC)"
400587990,2015-02-21,Syracuse,,"(17-10, 8-6 ACC)",Pitt,,"(18-10, 7-7 ACC)"
400587992,2015-02-21,Louisville,(12),"(21-6, 9-5 ACC)",Miami (FL),,"(17-10, 7-7 ACC)"
400587994,2015-02-21,Boston College,,"(9-17, 1-13 ACC)",Notre Dame,(10),"(24-4, 12-3 ACC)"
400587993,2015-02-21,Duke,(4),"(24-3, 11-3 ACC)",Clemson,,"(15-12, 7-8 ACC)"
400587995,2015-02-21,NC State,,"(16-11, 7-7 ACC)",VT,,"(10-17, 2-12 ACC)"
400587996,2015-02-22,UVA,(2),"(25-1, 13-1 ACC)",FSU,,"(15-13, 7-8 ACC)"
400587997,2015-02-23,Georgia Tech,,"(12-16, 3-13 ACC)",Louisville,(17),"(22-6, 10-5 ACC)"
400587999,2015-02-24,Notre Dame,(9),"(24-5, 12-4 ACC)",Syracuse,,"(18-10, 9-6 ACC)"
400587998,2015-02-24,UNC,(15),"(19-9, 9-6 ACC)",NC State,,"(17-11, 8-7 ACC)"
400588000,2015-02-24,Pitt,,"(19-10, 8-7 ACC)",Boston College,,"(9-18, 1-14 ACC)"
400588001,2015-02-25,Wake Forest,,"(12-16, 4-11 ACC)",UVA,(2),"(26-1, 14-1 ACC)"
400588002,2015-02-25,VT,,"(10-18, 2-13 ACC)",Duke,(4),"(25-3, 12-3 ACC)"
400588003,2015-02-25,Miami (FL),,"(18-10, 8-7 ACC)",FSU,,"(15-14, 7-9 ACC)"
400588008,2015-02-28,FSU,,"(15-15, 7-10 ACC)",Louisville,(17),"(23-6, 11-5 ACC)"
400588004,2015-02-28,Boston College,,"(10-18, 2-14 ACC)",NC State,,"(17-12, 8-8 ACC)"
400588005,2015-02-28,Clemson,,"(16-12, 8-8 ACC)",Georgia Tech,,"(12-17, 3-14 ACC)"
400588006,2015-02-28,Miami (FL),,"(18-11, 8-8 ACC)",UNC,(15),"(20-9, 10-6 ACC)"
400588007,2015-02-28,UVA,(2),"(27-1, 15-1 ACC)",VT,,"(10-19, 2-14 ACC)"
400588009,2015-02-28,Duke,(4),"(26-3, 13-3 ACC)",Syracuse,,"(18-11, 9-7 ACC)"
400588010,2015-03-01,Wake Forest,,"(13-16, 5-11 ACC)",Pitt,,"(19-11, 8-8 ACC)"
400588011,2015-03-02,Syracuse,,"(18-12, 9-8 ACC)",UVA,(2),"(28-1, 16-1 ACC)"
400588012,2015-03-02,VT,,"(10-20, 2-15 ACC)",Boston College,,"(11-18, 3-14 ACC)"
400588013,2015-03-03,Georgia Tech,,"(12-18, 3-15 ACC)",UNC,(19),"(21-9, 11-6 ACC)"
400588014,2015-03-03,Clemson,,"(16-13, 8-9 ACC)",NC State,,"(18-12, 9-8 ACC)"
400588015,2015-03-04,Louisville,(16),"(23-7, 11-6 ACC)",Notre Dame,(12),"(25-5, 13-4 ACC)"
400588017,2015-03-04,Duke,(3),"(27-3, 14-3 ACC)",Wake Forest,,"(13-17, 5-12 ACC)"
400588016,2015-03-04,Pitt,,"(19-12, 8-9 ACC)",Miami (FL),,"(19-11, 9-8 ACC)"
400588018,2015-03-07,NC State,,"(19-12, 10-8 ACC)",Syracuse,,"(18-13, 9-9 ACC)"
400588023,2015-03-07,FSU,,"(16-15, 8-10 ACC)",Pitt,,"(19-13, 8-10 ACC)"
400588020,2015-03-07,Boston College,,"(12-18, 4-14 ACC)",Wake Forest,,"(13-18, 5-13 ACC)"
400588021,2015-03-07,Notre Dame,(12),"(26-5, 14-4 ACC)",Clemson,,"(16-14, 8-10 ACC)"
400588024,2015-03-07,Louisville,(16),"(24-7, 12-6 ACC)",UVA,(2),"(28-2, 16-2 ACC)"
400588022,2015-03-07,UNC,(19),"(21-10, 11-7 ACC)",Duke,(3),"(28-3, 15-3 ACC)"
400766811,2015-03-10,Boston College,,"(13-18, 4-14 ACC)",Georgia Tech,,"(12-19, 3-15 ACC)"
400766812,2015-03-10,Wake Forest,,"(13-19, 5-13 ACC)",VT,,"(11-21, 2-16 ACC)"
400766813,2015-03-11,Clemson,,"(16-15, 8-10 ACC)",FSU,,"(17-15, 8-10 ACC)"
400768119,2015-03-11,UNC,(19),"(22-10, 11-7 ACC)",Boston College,,"(13-19, 4-14 ACC)"
400766834,2015-03-11,NC State,,"(20-12, 10-8 ACC)",Pitt,,"(19-14, 8-10 ACC)"
400768122,2015-03-11,Miami (FL),,"(21-11, 10-8 ACC)",VT,,"(11-22, 2-16 ACC)"
400768333,2015-03-12,UVA,(3),"(29-2, 16-2 ACC)",FSU,,"(17-16, 8-10 ACC)"
400768341,2015-03-12,Louisville,(14),"(24-8, 12-6 ACC)",UNC,(19),"(23-10, 11-7 ACC)"
400768420,2015-03-12,Duke,(2),"(29-3, 15-3 ACC)",NC State,,"(20-13, 10-8 ACC)"
400768444,2015-03-12,Notre Dame,(11),"(27-5, 14-4 ACC)",Miami (FL),,"(21-12, 10-8 ACC)"
400784957,2015-03-13,UVA,(3),"(29-3, 16-2 ACC)",UNC,(19),"(24-10, 11-7 ACC)"
400784978,2015-03-13,Duke,(2),"(29-4, 15-3 ACC)",Notre Dame,(11),"(28-5, 14-4 ACC)"
400785107,2015-03-14,Notre Dame,(11),"(29-5, 14-4 ACC)",UNC,(19),"(24-11, 11-7 ACC)"
400785453,2015-03-17,Manhattan,(16),"(19-14, 13-7 MAAC)",Hampton,(16),"(17-17, 8-8 MEAC)"
400785451,2015-03-17,Ole Miss,(11),"(21-12, 11-7 SEC)",BYU,(11),"(25-10, 13-5 WCC)"
400785452,2015-03-18,North Florida,(16),"(23-12, 12-2 A-Sun)",Robert Morris,(16),"(20-14, 12-6 NEC)"
400785474,2015-03-18,Boise State,(11),"(25-9, 14-4 MW)",Dayton,(11),"(26-8, 13-5 A 10)"
400785438,2015-03-19,Notre Dame,(3),"(30-5, 14-4 ACC)",Northeastern,(14),"(23-12, 12-6 CAA)"
400785446,2015-03-19,Iowa State,(3),"(25-9, 12-6 Big 12)",UAB,(14),"(20-15, 12-6 C-USA)"
400785450,2015-03-19,Baylor,(3),"(24-10, 11-7 Big 12)",Georgia State,(14),"(25-9, 15-5 Sun Belt)"
400785457,2015-03-19,Arizona,(2),"(32-3, 16-2 Pac-12)",Texas Southern,(15),"(22-13, 16-2 SWAC)"
400785346,2015-03-19,Butler,(6),"(23-10, 12-6 Big East)",Texas,(11),"(20-14, 8-10 Big 12)"
400785454,2015-03-19,SMU,(6),"(27-7, 15-3 American)",UCLA,(11),"(21-13, 11-7 Pac-12)"
400785458,2015-03-19,Xavier,(6),"(22-13, 9-9 Big East)",Ole Miss,(11),"(21-13, 11-7 SEC)"
400785449,2015-03-19,VCU,(7),"(26-10, 12-6 A 10)",OSU,(10),"(24-10, 11-7 Big Ten)"
400785347,2015-03-19,Villanova,(1),"(33-2, 16-2 Big East)",Lafayette,(16),"(20-13, 9-9 Patriot)"
400785435,2015-03-19,Cincinnati,(8),"(23-10, 13-5 American)",Purdue,(9),"(21-13, 12-6 Big Ten)"
400785456,2015-03-19,UNC,(4),"(25-11, 11-7 ACC)",Harvard,(13),"(22-8, 11-3 Ivy)"
400785444,2015-03-19,Utah,(5),"(25-8, 13-5 Pac-12)",SF Austin,(12),"(29-5, 17-1 Southland)"
400785439,2015-03-19,NC State,(8),"(21-13, 10-8 ACC)",LSU,(9),"(22-11, 11-7 SEC)"
400785448,2015-03-19,Arkansas,(5),"(27-8, 13-5 SEC)",Wofford,(12),"(28-7, 16-2 Southern)"
400785343,2015-03-19,Kentucky,(1),"(35-0, 18-0 SEC)",Hampton,(16),"(17-18, 8-8 MEAC)"
400785352,2015-03-19,Georgetown,(4),"(22-10, 12-6 Big East)",E Washington,(13),"(26-9, 14-4 Big Sky)"
400785345,2015-03-20,Kansas,(2),"(27-8, 13-5 Big 12)",New Mexico St,(15),"(23-11, 13-1 WAC)"
400785441,2015-03-20,Michigan State,(7),"(24-11, 12-6 Big Ten)",Georgia,(10),"(21-12, 11-7 SEC)"
400785440,2015-03-20,Northern Iowa,(5),"(31-3, 16-2 MVC)",Wyoming,(12),"(25-10, 11-7 MW)"
400785436,2015-03-20,West Virginia,(5),"(24-9, 11-7 Big 12)",Buffalo,(12),"(23-10, 12-6 MAC)"
400785437,2015-03-20,Wichita State,(7),"(29-4, 17-1 MVC)",Indiana,(10),"(20-14, 9-9 Big Ten)"
400785349,2015-03-20,UVA,(2),"(30-3, 16-2 ACC)",Belmont,(15),"(22-11, 11-5 OVC)"
400785348,2015-03-20,Louisville,(4),"(25-8, 12-6 ACC)",UC Irvine,(13),"(21-13, 11-5 Big West)"
400785344,2015-03-20,Maryland,(4),"(28-6, 14-4 Big Ten)",Valparaiso,(13),"(28-6, 13-3 Horizon)"
400785447,2015-03-20,Oregon,(8),"(26-9, 13-5 Pac-12)",Oklahoma State,(9),"(18-14, 8-10 Big 12)"
400785351,2015-03-20,Duke,(1),"(30-4, 15-3 ACC)",Robert Morris,(16),"(20-15, 12-6 NEC)"
400785445,2015-03-20,Iowa,(7),"(22-11, 12-6 Big Ten)",Davidson,(10),"(24-8, 14-4 A 10)"
400785442,2015-03-20,Oklahoma,(3),"(23-10, 12-6 Big 12)",Albany,(14),"(24-9, 15-1 Am. East)"
400785455,2015-03-20,Wisconsin,(1),"(32-3, 16-2 Big Ten)",Coast Carolina,(16),"(24-10, 12-6 Big South)"
400785443,2015-03-20,San Diego State,(8),"(27-8, 14-4 MW)",St John's,(9),"(21-12, 10-8 Big East)"
400785353,2015-03-20,Gonzaga,(2),"(33-2, 17-1 WCC)",North Dakota St,(15),"(23-10, 12-4 Summit)"
400785350,2015-03-20,Providence,(6),"(22-12, 11-7 Big East)",Dayton,(11),"(27-8, 13-5 A 10)"
400786183,2015-03-21,UCLA,(11),"(22-13, 11-7 Pac-12)",UAB,(14),"(20-16, 12-6 C-USA)"
400786203,2015-03-21,Kentucky,(1),"(36-0, 18-0 SEC)",Cincinnati,(8),"(23-11, 13-5 American)"
400786186,2015-03-21,Arizona,(2),"(33-3, 16-2 Pac-12)",OSU,(10),"(24-11, 11-7 Big Ten)"
400786184,2015-03-21,Xavier,(6),"(23-13, 9-9 Big East)",Georgia State,(14),"(25-10, 15-5 Sun Belt)"
400786221,2015-03-21,Villanova,(1),"(33-3, 16-2 Big East)",NC State,(8),"(22-13, 10-8 ACC)"
400786206,2015-03-21,Georgetown,(4),"(22-11, 12-6 Big East)",Utah,(5),"(26-8, 13-5 Pac-12)"
400786202,2015-03-21,UNC,(4),"(26-11, 11-7 ACC)",Arkansas,(5),"(27-9, 13-5 SEC)"
400786182,2015-03-21,Notre Dame,(3),"(31-5, 14-4 ACC)",Butler,(6),"(23-11, 12-6 Big East)"
400786305,2015-03-22,UVA,(2),"(30-4, 16-2 ACC)",Michigan State,(7),"(25-11, 12-6 Big Ten)"
400786330,2015-03-22,Duke,(1),"(31-4, 15-3 ACC)",San Diego State,(8),"(27-9, 14-4 MW)"
400786304,2015-03-22,Kansas,(2),"(27-9, 13-5 Big 12)",Wichita State,(7),"(30-4, 17-1 MVC)"
400786333,2015-03-22,Oklahoma,(3),"(24-10, 12-6 Big 12)",Dayton,(11),"(27-9, 13-5 A 10)"
400786332,2015-03-22,Gonzaga,(2),"(34-2, 17-1 WCC)",Iowa,(7),"(22-12, 12-6 Big Ten)"
400786326,2015-03-22,Wisconsin,(1),"(33-3, 16-2 Big Ten)",Oregon,(8),"(26-10, 13-5 Pac-12)"
400786307,2015-03-22,Maryland,(4),"(28-7, 14-4 Big Ten)",West Virginia,(5),"(25-9, 11-7 Big 12)"
400786306,2015-03-22,Louisville,(4),"(26-8, 12-6 ACC)",Northern Iowa,(5),"(31-4, 16-2 MVC)"
400786505,2015-03-26,Notre Dame,(3),"(32-5, 14-4 ACC)",Wichita State,(7),"(30-5, 17-1 MVC)"
400786512,2015-03-26,Wisconsin,(1),"(34-3, 16-2 Big Ten)",UNC,(4),"(26-12, 11-7 ACC)"
400786514,2015-03-26,Kentucky,(1),"(37-0, 18-0 SEC)",West Virginia,(5),"(25-10, 11-7 Big 12)"
400786370,2015-03-26,Arizona,(2),"(34-3, 16-2 Pac-12)",Xavier,(6),"(23-14, 9-9 Big East)"
400786510,2015-03-27,Gonzaga,(2),"(35-2, 17-1 WCC)",UCLA,(11),"(22-14, 11-7 Pac-12)"
400786516,2015-03-27,Louisville,(4),"(27-8, 12-6 ACC)",NC State,(8),"(22-14, 10-8 ACC)"
400786476,2015-03-27,Duke,(1),"(32-4, 15-3 ACC)",Utah,(5),"(26-9, 13-5 Pac-12)"
400786506,2015-03-27,Oklahoma,(3),"(24-11, 12-6 Big 12)",Michigan State,(7),"(26-11, 12-6 Big Ten)"
400787578,2015-03-28,Wisconsin,(1),"(35-3, 16-2 Big Ten)",Arizona,(2),"(34-4, 16-2 Pac-12)"
400787576,2015-03-28,Kentucky,(1),"(38-0, 18-0 SEC)",Notre Dame,(3),"(32-6, 14-4 ACC)"
400787680,2015-03-29,Louisville,(4),"(27-9, 12-6 ACC)",Michigan State,(7),"(27-11, 12-6 Big Ten)"
400787701,2015-03-29,Duke,(1),"(33-4, 15-3 ACC)",Gonzaga,(2),"(35-3, 17-1 WCC)"
400787887,2015-04-04,Duke,(1),"(34-4, 15-3 ACC)",Michigan State,(7),"(27-12, 12-6 Big Ten)"
400787769,2015-04-04,Kentucky,(1),"(38-1, 18-0 SEC)",Wisconsin,(1),"(36-3, 16-2 Big Ten)"